Daniel,Gibson,dgibson0@rediff.com,Male,2/10/2014
Teresa,Young,tyoung1@indiatimes.com,Female,10/5/2014
Brian,Reid,breid2@homestead.com,Male,7/14/2014
Margaret,Cook,mcook3@rambler.ru,Female,5/28/2015
Sara,Carroll,scarroll4@cnet.com,Female,6/20/2015
Antonio,Graham,agraham5@eepurl.com,Male,3/24/2014
Stephanie,Perry,sperry6@quantcast.com,Female,3/17/2014
Dennis,Morris,dmorris7@w3.org,Male,10/20/2014
Jimmy,Foster,jfoster8@list-manage.com,Male,1/27/2015
Brenda,Stone,bstone9@nifty.com,Female,4/2/2015
Bobby,Thomas,bthomasa@t-online.de,Male,8/31/2014
Linda,Cook,lcookb@delicious.com,Female,3/7/2014
Jacqueline,Mendoza,jmendozac@dailymotion.com,Female,6/27/2015
Cynthia,Lawson,clawsond@dell.com,Female,2/18/2015
Christina,Marshall,cmarshalle@linkedin.com,Female,2/17/2015
Jeremy,Olson,jolsonf@paginegialle.it,Male,2/21/2015
Nicholas,Mills,nmillsg@un.org,Male,12/10/2013
Martha,Nichols,mnicholsh@ucoz.ru,Female,9/25/2014
Kevin,Jackson,kjacksoni@twitter.com,Male,5/1/2015
George,Frazier,gfrazierj@i2i.jp,Male,4/9/2015
Gloria,Gardner,ggardnerk@economist.com,Female,3/22/2015
Karen,Harrison,kharrisonl@goo.gl,Female,3/3/2014
Betty,Henderson,bhendersonm@deliciousdays.com,Female,9/2/2014
Jacqueline,Mitchell,jmitchelln@4shared.com,Female,9/30/2014
Harold,Austin,haustino@prnewswire.com,Male,12/24/2014
Marie,Ramirez,mramirezp@accuweather.com,Female,7/2/2015
Patrick,Shaw,pshawq@sourceforge.net,Male,11/2/2013
Samuel,Washington,swashingtonr@pagesperso-orange.fr,Male,5/19/2014
Matthew,Murray,mmurrays@nih.gov,Male,2/20/2014
Linda,Hansen,lhansent@sun.com,Female,4/17/2015
Charles,Castillo,ccastillou@sohu.com,Male,6/11/2015
Sarah,Richards,srichardsv@twitter.com,Female,3/9/2014
Angela,Webb,awebbw@google.com.br,Female,3/15/2015
Christopher,Mcdonald,cmcdonaldx@ed.gov,Male,2/13/2015
Theresa,Wood,twoody@vinaora.com,Female,1/11/2014
Gloria,Reid,greidz@naver.com,Female,4/8/2015
Bruce,Hall,bhall10@who.int,Male,3/27/2015
Lisa,Sanders,lsanders11@sourceforge.net,Female,1/22/2014
Chris,Dunn,cdunn12@prnewswire.com,Male,6/30/2014
Lillian,Peterson,lpeterson13@yellowbook.com,Female,4/24/2015
Randy,Hudson,rhudson14@weibo.com,Male,5/9/2014
Sean,Baker,sbaker15@joomla.org,Male,12/18/2014
Alan,Moreno,amoreno16@dailymail.co.uk,Male,4/14/2015
Cheryl,Scott,cscott17@nyu.edu,Female,10/19/2013
Nicholas,Dixon,ndixon18@whitehouse.gov,Male,1/16/2015
Robin,Carpenter,rcarpenter19@surveymonkey.com,Female,10/30/2013
Carl,Hill,chill1a@arstechnica.com,Male,8/3/2014
Philip,Ellis,pellis1b@eepurl.com,Male,11/3/2014
Linda,Fields,lfields1c@npr.org,Female,8/27/2014
Frances,Robertson,frobertson1d@youku.com,Female,6/30/2015
Stephanie,Dean,sdean1e@t-online.de,Female,11/29/2014
Jose,Daniels,jdaniels1f@wired.com,Male,1/5/2014
Joyce,Fernandez,jfernandez1g@slideshare.net,Female,6/12/2014
Steve,Porter,sporter1h@whitehouse.gov,Male,12/28/2014
Ann,Marshall,amarshall1i@shop-pro.jp,Female,11/21/2013
Carol,Hall,chall1j@zimbio.com,Female,3/3/2015
Andrew,Payne,apayne1k@odnoklassniki.ru,Male,5/29/2015
Jeremy,Tucker,jtucker1l@histats.com,Male,12/7/2014
Raymond,George,rgeorge1m@whitehouse.gov,Male,11/25/2013
Roger,Porter,rporter1n@surveymonkey.com,Male,2/1/2014
Karen,Myers,kmyers1o@usa.gov,Female,2/21/2015
Willie,Hernandez,whernandez1p@uol.com.br,Male,2/2/2015
Joyce,Rice,jrice1q@feedburner.com,Female,2/1/2015
Christine,Robinson,crobinson1r@live.com,Female,1/7/2015
Kelly,Alexander,kalexander1s@sun.com,Female,12/1/2014
Donna,Smith,dsmith1t@fastcompany.com,Female,5/24/2014
Alan,Gonzalez,agonzalez1u@qq.com,Male,12/5/2013
Kevin,West,kwest1v@wordpress.org,Male,11/14/2014
Willie,Harris,wharris1w@simplemachines.org,Male,5/30/2015
Randy,Williamson,rwilliamson1x@mit.edu,Male,4/21/2015
Judith,Wells,jwells1y@w3.org,Female,5/8/2015
David,Daniels,ddaniels1z@webmd.com,Male,8/30/2014
Victor,Edwards,vedwards20@microsoft.com,Male,9/9/2014
Charles,Lane,clane21@histats.com,Male,10/28/2013
Christine,Price,cprice22@google.com.br,Female,4/12/2014
Julia,Burton,jburton23@mysql.com,Female,7/8/2015
Helen,Jones,hjones24@discovery.com,Female,3/17/2014
Walter,Crawford,wcrawford25@sakura.ne.jp,Male,4/12/2014
Philip,Bradley,pbradley26@bbc.co.uk,Male,3/8/2014
Gerald,Barnes,gbarnes27@slideshare.net,Male,10/9/2013
Wanda,Jackson,wjackson28@businessinsider.com,Female,5/22/2015
Emily,Evans,eevans29@scribd.com,Female,12/15/2014
Jennifer,Brooks,jbrooks2a@phpbb.com,Female,1/26/2014
Bruce,Griffin,bgriffin2b@wired.com,Male,11/3/2014
Juan,Diaz,jdiaz2c@upenn.edu,Male,9/23/2014
Robert,Wheeler,rwheeler2d@fda.gov,Male,1/10/2015
Stephanie,Wilson,swilson2e@clickbank.net,Female,3/6/2014
Janet,Stanley,jstanley2f@intel.com,Female,10/12/2014
Gary,Wood,gwood2g@amazon.co.jp,Male,11/8/2013
Sara,Garcia,sgarcia2h@blogger.com,Female,6/28/2014
Chris,Brooks,cbrooks2i@blogspot.com,Male,1/9/2015
Thomas,Brooks,tbrooks2j@sun.com,Male,11/2/2014
Kelly,Hernandez,khernandez2k@angelfire.com,Female,6/17/2014
Kenneth,Ramos,kramos2l@ucoz.ru,Male,6/17/2014
Brian,Simmons,bsimmons2m@usatoday.com,Male,1/6/2015
Marie,Payne,mpayne2n@cnbc.com,Female,1/20/2015
Ruby,Kelley,rkelley2o@whitehouse.gov,Female,11/26/2013
Elizabeth,Hicks,ehicks2p@howstuffworks.com,Female,6/13/2015
Jesse,Bennett,jbennett2q@tumblr.com,Male,4/8/2015
Ronald,Morrison,rmorrison2r@fastcompany.com,Male,3/17/2015
Roger,Turner,rturner2s@blogs.com,Male,11/17/2013
Christina,Richardson,crichardson2t@tumblr.com,Female,11/19/2013
Evelyn,Gardner,egardner2u@surveymonkey.com,Female,11/16/2013
Alan,Ortiz,aortiz2v@springer.com,Male,10/13/2014
Dennis,Cole,dcole2w@hc360.com,Male,7/8/2014
Ralph,Martinez,rmartinez2x@taobao.com,Male,12/23/2013
Fred,West,fwest2y@t.co,Male,2/16/2015
Roy,Stone,rstone2z@bigcartel.com,Male,1/14/2014
Ernest,Little,elittle30@prlog.org,Male,2/5/2014
Wayne,Snyder,wsnyder31@dailymotion.com,Male,11/23/2013
Chris,Fowler,cfowler32@cnbc.com,Male,9/26/2014
Helen,Carter,hcarter33@wordpress.com,Female,10/16/2013
Scott,Henry,shenry34@who.int,Male,12/1/2013
Annie,Brown,abrown35@jiathis.com,Female,7/17/2014
Christopher,Porter,cporter36@opensource.org,Male,12/6/2014
Brandon,Carr,bcarr37@pinterest.com,Male,10/26/2013
Raymond,Henderson,rhenderson38@istockphoto.com,Male,1/13/2014
Mildred,Murphy,mmurphy39@123-reg.co.uk,Female,2/10/2014
Robin,Matthews,rmatthews3a@rakuten.co.jp,Female,5/26/2015
Wanda,Fisher,wfisher3b@deliciousdays.com,Female,3/11/2014
Debra,Mcdonald,dmcdonald3c@japanpost.jp,Female,8/10/2014
Ronald,Nguyen,rnguyen3d@yelp.com,Male,6/17/2015
Bobby,Richards,brichards3e@yellowpages.com,Male,9/28/2014
Todd,Reynolds,treynolds3f@washington.edu,Male,12/12/2013
Diana,Adams,dadams3g@friendfeed.com,Female,2/2/2014
Louis,Warren,lwarren3h@issuu.com,Male,9/1/2014
Samuel,Brown,sbrown3i@thetimes.co.uk,Male,10/13/2013
Johnny,Cruz,jcruz3j@e-recht24.de,Male,3/30/2015
Tina,Spencer,tspencer3k@google.ru,Female,11/2/2013
Diana,Stevens,dstevens3l@opera.com,Female,12/16/2014
Carol,Torres,ctorres3m@flavors.me,Female,1/22/2014
Tina,Ramos,tramos3n@live.com,Female,7/25/2014
Craig,Williamson,cwilliamson3o@rakuten.co.jp,Male,1/18/2015
Patricia,Chapman,pchapman3p@utexas.edu,Female,1/14/2014
Joyce,Riley,jriley3q@sina.com.cn,Female,4/19/2015
Kimberly,Ruiz,kruiz3r@blogspot.com,Female,12/25/2014
Jason,Clark,jclark3s@linkedin.com,Male,4/29/2014
Harry,Black,hblack3t@amazonaws.com,Male,12/5/2014
Susan,Gordon,sgordon3u@home.pl,Female,4/22/2015
Barbara,Perkins,bperkins3v@gnu.org,Female,2/7/2015
Susan,Porter,sporter3w@twitpic.com,Female,3/29/2015
Phyllis,George,pgeorge3x@domainmarket.com,Female,8/15/2014
Tina,Vasquez,tvasquez3y@illinois.edu,Female,5/14/2014
Scott,Woods,swoods3z@soup.io,Male,5/16/2014
Sandra,Rice,srice40@sphinn.com,Female,10/6/2014
Robin,Payne,rpayne41@blogspot.com,Female,3/29/2014
Evelyn,Grant,egrant42@lulu.com,Female,6/17/2015
Cheryl,Cole,ccole43@wikispaces.com,Female,4/3/2014
Christina,Boyd,cboyd44@state.tx.us,Female,1/16/2015
William,Riley,wriley45@java.com,Male,12/2/2013
Mark,Gardner,mgardner46@t.co,Male,1/1/2014
Jack,Peters,jpeters47@accuweather.com,Male,10/24/2014
John,Richardson,jrichardson48@wix.com,Male,1/15/2014
Ralph,Bryant,rbryant49@weebly.com,Male,6/21/2014
Amanda,Hughes,ahughes4a@sun.com,Female,6/4/2015
Tammy,Robinson,trobinson4b@hexun.com,Female,11/18/2013
Alice,Duncan,aduncan4c@e-recht24.de,Female,3/19/2014
Rebecca,Brown,rbrown4d@oakley.com,Female,6/17/2015
Stephanie,Lewis,slewis4e@google.de,Female,3/7/2014
Justin,Daniels,jdaniels4f@sbwire.com,Male,1/11/2014
Louise,Brooks,lbrooks4g@infoseek.co.jp,Female,3/16/2014
Mildred,Bailey,mbailey4h@e-recht24.de,Female,4/24/2015
Maria,Dunn,mdunn4i@dell.com,Female,1/29/2014
Maria,King,mking4j@google.com.br,Female,11/6/2013
Joe,Gilbert,jgilbert4k@dell.com,Male,5/14/2014
Marie,Wagner,mwagner4l@dailymail.co.uk,Female,7/6/2014
Sarah,Carpenter,scarpenter4m@blog.com,Female,11/18/2014
Carol,King,cking4n@lulu.com,Female,12/11/2014
Sara,Evans,sevans4o@spotify.com,Female,2/2/2015
Carol,Adams,cadams4p@sakura.ne.jp,Female,1/10/2014
Martha,Brooks,mbrooks4q@newyorker.com,Female,9/15/2014
Kimberly,Robertson,krobertson4r@microsoft.com,Female,1/28/2015
Dennis,Stevens,dstevens4s@blogger.com,Male,6/28/2015
Peter,Evans,pevans4t@shutterfly.com,Male,11/9/2014
Jimmy,Morales,jmorales4u@jugem.jp,Male,9/9/2014
Tammy,Holmes,tholmes4v@nih.gov,Female,2/26/2015
Jeffrey,Alvarez,jalvarez4w@epa.gov,Male,5/9/2015
Dorothy,Burke,dburke4x@go.com,Female,12/18/2014
Marie,Patterson,mpatterson4y@admin.ch,Female,2/19/2014
Russell,Washington,rwashington4z@walmart.com,Male,12/9/2013
Paul,Jackson,pjackson50@hibu.com,Male,3/18/2014
Daniel,Richards,drichards51@google.de,Male,10/30/2013
Timothy,Bailey,tbailey52@lulu.com,Male,9/20/2014
Carl,Willis,cwillis53@etsy.com,Male,12/6/2014
Larry,Austin,laustin54@independent.co.uk,Male,10/30/2014
Laura,Garza,lgarza55@senate.gov,Female,6/27/2014
Laura,Frazier,lfrazier56@free.fr,Female,12/13/2013
Chris,Roberts,croberts57@devhub.com,Male,3/5/2014
Gregory,Williams,gwilliams58@si.edu,Male,12/10/2013
Arthur,Peterson,apeterson59@washingtonpost.com,Male,2/10/2014
Theresa,Hall,thall5a@admin.ch,Female,3/16/2014
Howard,Garza,hgarza5b@simplemachines.org,Male,9/4/2014
Ruth,Edwards,redwards5c@usatoday.com,Female,5/1/2015
Jessica,Stanley,jstanley5d@tumblr.com,Female,12/22/2013
Nancy,Pierce,npierce5e@nbcnews.com,Female,4/7/2015
Joan,Ruiz,jruiz5f@free.fr,Female,1/31/2014
Jeremy,Baker,jbaker5g@reference.com,Male,4/30/2015
Timothy,Medina,tmedina5h@aol.com,Male,4/26/2015
Doris,Andrews,dandrews5i@mozilla.com,Female,11/8/2013
Lois,Simmons,lsimmons5j@infoseek.co.jp,Female,11/12/2013
Phillip,Rose,prose5k@wikimedia.org,Male,11/10/2013
Fred,Powell,fpowell5l@bloglovin.com,Male,5/28/2014
Jane,Knight,jknight5m@deliciousdays.com,Female,2/22/2015
William,Ryan,wryan5n@free.fr,Male,5/18/2015
Arthur,Davis,adavis5o@trellian.com,Male,3/25/2015
Louise,Ross,lross5p@bbc.co.uk,Female,6/18/2014
Howard,Arnold,harnold5q@weather.com,Male,4/16/2014
Ernest,Dixon,edixon5r@guardian.co.uk,Male,2/25/2014
Julie,George,jgeorge5s@japanpost.jp,Female,12/13/2013
Scott,Martin,smartin5t@scientificamerican.com,Male,5/25/2014
Christopher,Little,clittle5u@theglobeandmail.com,Male,1/26/2015
Katherine,Cox,kcox5v@bbb.org,Female,6/1/2014
Clarence,Morrison,cmorrison5w@rediff.com,Male,4/10/2015
Marie,Carter,mcarter5x@w3.org,Female,11/12/2013
Harry,Carr,hcarr5y@hibu.com,Male,1/17/2015
Bruce,Collins,bcollins5z@adobe.com,Male,10/15/2014
Sara,Dunn,sdunn60@sohu.com,Female,2/12/2015
Donald,Dean,ddean61@bloglovin.com,Male,9/28/2014
Robert,Jackson,rjackson62@chicagotribune.com,Male,9/2/2014
Louis,Hunt,lhunt63@lycos.com,Male,2/22/2014
Jacqueline,Wood,jwood64@blogtalkradio.com,Female,5/24/2014
Betty,Sullivan,bsullivan65@jiathis.com,Female,11/22/2013
Dennis,Barnes,dbarnes66@topsy.com,Male,4/2/2015
Peter,Lee,plee67@csmonitor.com,Male,7/3/2014
Carol,Burton,cburton68@stumbleupon.com,Female,7/15/2014
Steven,Sanchez,ssanchez69@redcross.org,Male,12/19/2013
Sean,Lopez,slopez6a@whitehouse.gov,Male,10/19/2013
Christina,Sanchez,csanchez6b@flavors.me,Female,10/22/2014
Janet,Rogers,jrogers6c@sciencedirect.com,Female,11/6/2014
Carlos,Lawrence,clawrence6d@devhub.com,Male,3/12/2015
Ashley,Carter,acarter6e@deliciousdays.com,Female,5/6/2015
Carolyn,Freeman,cfreeman6f@slashdot.org,Female,5/1/2015
Nancy,Ortiz,nortiz6g@miibeian.gov.cn,Female,4/6/2015
Gary,Black,gblack6h@nytimes.com,Male,1/31/2014
George,Gardner,ggardner6i@time.com,Male,2/13/2015
Walter,Wagner,wwagner6j@livejournal.com,Male,9/2/2014
Katherine,Holmes,kholmes6k@alibaba.com,Female,10/31/2014
Rose,Lopez,rlopez6l@blogs.com,Female,4/30/2015
Charles,Martin,cmartin6m@mashable.com,Male,4/29/2015
Kelly,Woods,kwoods6n@twitter.com,Female,3/30/2015
Emily,Fuller,efuller6o@bbb.org,Female,12/1/2014
Mildred,Cook,mcook6p@bbb.org,Female,1/2/2015
Jesse,Patterson,jpatterson6q@engadget.com,Male,2/24/2014
Lillian,Crawford,lcrawford6r@goo.ne.jp,Female,6/14/2014
Russell,Henry,rhenry6s@cargocollective.com,Male,10/12/2013
Gregory,Taylor,gtaylor6t@berkeley.edu,Male,6/2/2015
Susan,Banks,sbanks6u@theglobeandmail.com,Female,1/6/2014
Jane,Edwards,jedwards6v@hp.com,Female,12/31/2013
Lois,Long,llong6w@comcast.net,Female,8/16/2014
Phillip,Berry,pberry6x@vinaora.com,Male,6/2/2015
Elizabeth,Perkins,eperkins6y@nps.gov,Female,9/6/2014
Kathryn,Hughes,khughes6z@usa.gov,Female,2/28/2015
Carolyn,Kelley,ckelley70@kickstarter.com,Female,11/26/2014
Raymond,Martin,rmartin71@mozilla.com,Male,1/5/2014
Juan,Shaw,jshaw72@ted.com,Male,2/5/2014
Lawrence,Rodriguez,lrodriguez73@sciencedirect.com,Male,2/28/2014
Jonathan,Jackson,jjackson74@whitehouse.gov,Male,10/12/2013
Kathleen,Garza,kgarza75@goo.gl,Female,3/3/2014
Robert,Murray,rmurray76@ow.ly,Male,6/22/2014
Patricia,Woods,pwoods77@chronoengine.com,Female,10/11/2014
Frances,Parker,fparker78@addthis.com,Female,2/23/2015
Ralph,Lopez,rlopez79@arizona.edu,Male,3/17/2014
Susan,Lewis,slewis7a@wikia.com,Female,4/22/2014
Billy,Morgan,bmorgan7b@wikipedia.org,Male,5/26/2014
Marie,Grant,mgrant7c@cbsnews.com,Female,4/22/2015
Rachel,Reynolds,rreynolds7d@geocities.com,Female,3/24/2015
Eric,Palmer,epalmer7e@china.com.cn,Male,4/18/2014
Linda,Allen,lallen7f@tumblr.com,Female,3/17/2014
Betty,Lee,blee7g@chicagotribune.com,Female,6/28/2015
Philip,Howard,phoward7h@technorati.com,Male,4/5/2015
Chris,Ramirez,cramirez7i@ftc.gov,Male,10/27/2013
Fred,Boyd,fboyd7j@mozilla.com,Male,10/19/2014
Judy,Lawson,jlawson7k@sohu.com,Female,2/8/2014
Robert,Cooper,rcooper7l@shareasale.com,Male,11/16/2013
Eric,Morgan,emorgan7m@mozilla.org,Male,11/8/2013
Harry,Wilson,hwilson7n@sakura.ne.jp,Male,12/17/2013
Dorothy,Baker,dbaker7o@imageshack.us,Female,7/28/2014
Howard,Hansen,hhansen7p@imageshack.us,Male,10/1/2014
Scott,Porter,sporter7q@networkadvertising.org,Male,11/18/2014
Patricia,Burns,pburns7r@irs.gov,Female,9/14/2014
Brian,Campbell,bcampbell7s@kickstarter.com,Male,10/13/2014
Lisa,Montgomery,lmontgomery7t@dedecms.com,Female,9/20/2014
Louis,Murray,lmurray7u@psu.edu,Male,10/8/2014
Victor,Morris,vmorris7v@nydailynews.com,Male,6/7/2014
Todd,Grant,tgrant7w@jimdo.com,Male,5/10/2015
Linda,Greene,lgreene7x@mapy.cz,Female,11/4/2013
Scott,Stevens,sstevens7y@skyrock.com,Male,11/15/2014
Mildred,Payne,mpayne7z@upenn.edu,Female,4/20/2014
Dorothy,Taylor,dtaylor80@nature.com,Female,2/23/2015
Denise,Myers,dmyers81@aol.com,Female,6/10/2015
Debra,Ross,dross82@usatoday.com,Female,1/15/2015
Christina,Stone,cstone83@businessinsider.com,Female,12/22/2013
Juan,Woods,jwoods84@oracle.com,Male,11/7/2013
Rebecca,Gutierrez,rgutierrez85@phoca.cz,Female,4/21/2014
Jeffrey,Cole,jcole86@skyrock.com,Male,7/7/2015
Stephanie,Simmons,ssimmons87@japanpost.jp,Female,5/29/2015
Mildred,Lewis,mlewis88@about.com,Female,11/28/2014
Earl,Garrett,egarrett89@w3.org,Male,2/4/2015
Aaron,Brown,abrown8a@unicef.org,Male,1/15/2015
Marilyn,Brooks,mbrooks8b@pcworld.com,Female,6/19/2014
Betty,Jenkins,bjenkins8c@apple.com,Female,8/11/2014
Melissa,Brown,mbrown8d@t-online.de,Female,12/23/2014
Christina,Long,clong8e@sciencedirect.com,Female,12/1/2014
Ralph,Reed,rreed8f@xinhuanet.com,Male,6/6/2014
Lisa,Alexander,lalexander8g@alibaba.com,Female,2/10/2015
Andrew,Young,ayoung8h@w3.org,Male,12/16/2013
Robert,Peterson,rpeterson8i@utexas.edu,Male,2/28/2015
Bruce,Burke,bburke8j@bbb.org,Male,5/15/2014
Larry,Bradley,lbradley8k@bizjournals.com,Male,8/29/2014
Betty,Young,byoung8l@businesswire.com,Female,1/13/2014
Lori,Butler,lbutler8m@skype.com,Female,12/25/2013
Carolyn,Miller,cmiller8n@fastcompany.com,Female,6/11/2014
Gloria,Perez,gperez8o@csmonitor.com,Female,2/9/2014
Annie,Burns,aburns8p@infoseek.co.jp,Female,3/24/2015
Nicholas,Carr,ncarr8q@blinklist.com,Male,4/1/2014
Terry,Hill,thill8r@amazon.co.jp,Male,12/24/2013
Justin,Arnold,jarnold8s@360.cn,Male,6/12/2014
Diana,George,dgeorge8t@ifeng.com,Female,1/6/2014
Arthur,Banks,abanks8u@microsoft.com,Male,2/6/2015
Donna,James,djames8v@devhub.com,Female,12/20/2014
Virginia,Watson,vwatson8w@tinyurl.com,Female,11/22/2014
Emily,Sullivan,esullivan8x@posterous.com,Female,3/10/2014
Jesse,Jenkins,jjenkins8y@techcrunch.com,Male,1/13/2015
Billy,George,bgeorge8z@rambler.ru,Male,3/4/2014
Henry,Snyder,hsnyder90@huffingtonpost.com,Male,5/19/2015
Betty,Fisher,bfisher91@vistaprint.com,Female,6/1/2015
Clarence,Bryant,cbryant92@icio.us,Male,7/10/2014
Beverly,Washington,bwashington93@yellowpages.com,Female,4/19/2015
Rose,Matthews,rmatthews94@who.int,Female,9/18/2014
Juan,Meyer,jmeyer95@alexa.com,Male,4/6/2015
Ann,Little,alittle96@vkontakte.ru,Female,3/1/2014
Sean,Sullivan,ssullivan97@irs.gov,Male,7/10/2014
Laura,Banks,lbanks98@360.cn,Female,4/5/2014
Emily,Cole,ecole99@paypal.com,Female,12/18/2014
Chris,Green,cgreen9a@usda.gov,Male,11/24/2014
Shawn,Thompson,sthompson9b@thetimes.co.uk,Male,4/17/2015
Matthew,Crawford,mcrawford9c@icio.us,Male,1/24/2015
Martin,Hansen,mhansen9d@webeden.co.uk,Male,9/17/2014
Roger,Lewis,rlewis9e@columbia.edu,Male,7/10/2015
Christine,Morris,cmorris9f@weather.com,Female,3/18/2014
Phyllis,Simpson,psimpson9g@bizjournals.com,Female,9/27/2014
Jessica,Gonzalez,jgonzalez9h@canalblog.com,Female,4/18/2015
Angela,Rivera,arivera9i@sina.com.cn,Female,2/20/2015
Michael,Graham,mgraham9j@ucoz.ru,Male,12/8/2014
Beverly,Jenkins,bjenkins9k@google.com.hk,Female,4/30/2014
Carl,Kelly,ckelly9l@unicef.org,Male,12/18/2014
Kathryn,Nichols,knichols9m@unicef.org,Female,7/25/2014
Lawrence,Day,lday9n@skype.com,Male,2/22/2015
Carolyn,Alexander,calexander9o@fema.gov,Female,5/13/2014
Paula,Martin,pmartin9p@narod.ru,Female,10/6/2014
Helen,Davis,hdavis9q@com.com,Female,10/26/2014
Lisa,Brown,lbrown9r@paypal.com,Female,1/5/2015
Barbara,Torres,btorres9s@mlb.com,Female,6/2/2015
Todd,Perez,tperez9t@google.co.jp,Male,4/15/2014
Amanda,Bennett,abennett9u@cbc.ca,Female,4/26/2015
Michael,Lewis,mlewis9v@bloglovin.com,Male,5/22/2014
Anne,Mcdonald,amcdonald9w@php.net,Female,5/8/2015
Benjamin,Stone,bstone9x@de.vu,Male,5/2/2014
Roy,Day,rday9y@cyberchimps.com,Male,2/19/2015
Maria,Mendoza,mmendoza9z@yandex.ru,Female,2/8/2015
Jerry,Brooks,jbrooksa0@soundcloud.com,Male,6/6/2014
Ashley,Moreno,amorenoa1@list-manage.com,Female,7/8/2014
Adam,Lopez,alopeza2@dedecms.com,Male,10/17/2013
Donna,Lee,dleea3@blogtalkradio.com,Female,3/26/2015
Melissa,Lane,mlanea4@artisteer.com,Female,6/12/2014
Katherine,King,kkinga5@123-reg.co.uk,Female,1/24/2015
Wanda,Williams,wwilliamsa6@hc360.com,Female,9/18/2014
Gerald,Rogers,grogersa7@chronoengine.com,Male,6/22/2015
Antonio,Ortiz,aortiza8@yahoo.com,Male,1/11/2014
Philip,Cruz,pcruza9@i2i.jp,Male,5/21/2014
Martha,Thomas,mthomasaa@spotify.com,Female,6/14/2014
Jason,Walker,jwalkerab@etsy.com,Male,5/7/2015
Edward,Marshall,emarshallac@wordpress.com,Male,5/1/2015
Jesse,Young,jyoungad@washingtonpost.com,Male,5/23/2015
Jimmy,Armstrong,jarmstrongae@accuweather.com,Male,11/5/2014
Jonathan,Wallace,jwallaceaf@arstechnica.com,Male,6/8/2014
Arthur,Frazier,afrazierag@mapy.cz,Male,1/30/2014
Phyllis,Hunter,phunterah@census.gov,Female,12/6/2013
Paula,Elliott,pelliottai@feedburner.com,Female,10/1/2014
Andrea,Sims,asimsaj@earthlink.net,Female,2/23/2014
Chris,Lawrence,clawrenceak@bbc.co.uk,Male,2/17/2015
Cheryl,Hayes,chayesal@walmart.com,Female,4/25/2015
Joshua,Watkins,jwatkinsam@wisc.edu,Male,5/9/2014
Andrea,Harris,aharrisan@ameblo.jp,Female,6/6/2014
Craig,Turner,cturnerao@pbs.org,Male,1/16/2014
Kevin,Barnes,kbarnesap@cdc.gov,Male,9/3/2014
Barbara,Wright,bwrightaq@amazon.co.uk,Female,11/5/2014
Terry,Gonzalez,tgonzalezar@vinaora.com,Male,9/9/2014
Carlos,Fisher,cfisheras@imgur.com,Male,8/3/2014
Earl,Scott,escottat@skyrock.com,Male,10/15/2013
Ashley,Bryant,abryantau@vkontakte.ru,Female,2/1/2015
Diana,Brooks,dbrooksav@lycos.com,Female,10/10/2014
Wanda,Woods,wwoodsaw@pcworld.com,Female,2/26/2015
Patrick,Warren,pwarrenax@github.io,Male,3/21/2014
Victor,Andrews,vandrewsay@wufoo.com,Male,10/31/2014
Carl,Hughes,chughesaz@tripod.com,Male,11/16/2013
Janice,Cox,jcoxb0@sourceforge.net,Female,3/2/2014
Gregory,Webb,gwebbb1@vimeo.com,Male,11/11/2013
Ernest,Murphy,emurphyb2@twitter.com,Male,4/12/2015
Heather,Lane,hlaneb3@google.pl,Female,11/22/2014
Alice,Carter,acarterb4@webs.com,Female,3/30/2015
Sarah,Powell,spowellb5@pen.io,Female,3/29/2015
Kevin,Kelley,kkelleyb6@toplist.cz,Male,8/15/2014
Barbara,Austin,baustinb7@bing.com,Female,4/28/2015
Thomas,Marshall,tmarshallb8@gnu.org,Male,10/27/2014
Dorothy,Harper,dharperb9@cbslocal.com,Female,10/17/2014
Randy,Cole,rcoleba@utexas.edu,Male,2/18/2014
Lillian,Martin,lmartinbb@1688.com,Female,5/28/2014
Emily,Andrews,eandrewsbc@com.com,Female,1/29/2015
Ashley,Morrison,amorrisonbd@posterous.com,Female,3/27/2014
Russell,Washington,rwashingtonbe@pagesperso-orange.fr,Male,8/31/2014
Diane,Kim,dkimbf@hud.gov,Female,12/3/2014
Steven,Armstrong,sarmstrongbg@bbb.org,Male,5/14/2015
Diana,Lee,dleebh@drupal.org,Female,2/27/2015
Stephanie,Collins,scollinsbi@t-online.de,Female,8/31/2014
Randy,Robertson,rrobertsonbj@wiley.com,Male,10/3/2014
Kelly,Evans,kevansbk@statcounter.com,Female,3/24/2015
Carolyn,Day,cdaybl@globo.com,Female,7/10/2014
Catherine,Butler,cbutlerbm@washington.edu,Female,7/1/2015
Lois,Johnston,ljohnstonbn@jalbum.net,Female,12/4/2014
Lawrence,Kennedy,lkennedybo@wisc.edu,Male,6/17/2014
Jeremy,Mitchell,jmitchellbp@blogspot.com,Male,12/20/2013
Wayne,Willis,wwillisbq@gmpg.org,Male,4/1/2015
Lois,Simpson,lsimpsonbr@intel.com,Female,1/3/2014
Lori,Gardner,lgardnerbs@purevolume.com,Female,6/17/2014
Ronald,Cox,rcoxbt@marriott.com,Male,4/21/2014
Scott,Harris,sharrisbu@pbs.org,Male,12/1/2014
Amy,Owens,aowensbv@angelfire.com,Female,4/4/2014
Robert,Gomez,rgomezbw@dyndns.org,Male,12/8/2013
John,Woods,jwoodsbx@aol.com,Male,2/19/2015
Samuel,Little,slittleby@ft.com,Male,1/4/2014
Gregory,Andrews,gandrewsbz@desdev.cn,Male,5/4/2015
Adam,Berry,aberryc0@canalblog.com,Male,8/3/2014
Kathryn,Gilbert,kgilbertc1@mapquest.com,Female,5/23/2014
Melissa,Ramos,mramosc2@linkedin.com,Female,10/20/2013
Diane,Hamilton,dhamiltonc3@sitemeter.com,Female,12/25/2014
Patricia,Martin,pmartinc4@gizmodo.com,Female,9/29/2014
James,Austin,jaustinc5@reverbnation.com,Male,8/16/2014
Carolyn,Butler,cbutlerc6@salon.com,Female,2/25/2014
Samuel,Alexander,salexanderc7@pbs.org,Male,1/9/2015
Patrick,Morrison,pmorrisonc8@odnoklassniki.ru,Male,4/10/2014
Kevin,Lynch,klynchc9@nhs.uk,Male,11/29/2013
Jessica,Snyder,jsnyderca@example.com,Female,2/10/2014
Debra,Patterson,dpattersoncb@mit.edu,Female,12/17/2014
Charles,Grant,cgrantcc@storify.com,Male,4/1/2015
Kimberly,Meyer,kmeyercd@jugem.jp,Female,5/18/2015
Diane,Green,dgreence@cnet.com,Female,5/22/2015
Bonnie,Harper,bharpercf@jimdo.com,Female,11/8/2014
Edward,Harvey,eharveycg@theatlantic.com,Male,11/12/2013
Victor,Spencer,vspencerch@theglobeandmail.com,Male,7/11/2014
Robert,Ford,rfordci@google.co.jp,Male,7/7/2015
Brian,Foster,bfostercj@nytimes.com,Male,2/3/2015
Nancy,Williamson,nwilliamsonck@parallels.com,Female,12/12/2014
Howard,Peterson,hpetersoncl@networksolutions.com,Male,11/29/2013
Benjamin,Marshall,bmarshallcm@marketwatch.com,Male,5/29/2014
Stephanie,Wheeler,swheelercn@de.vu,Female,1/24/2015
Evelyn,Bennett,ebennettco@unblog.fr,Female,11/19/2013
Billy,Burns,bburnscp@google.de,Male,10/22/2014
Christopher,Rogers,crogerscq@tiny.cc,Male,6/9/2015
Adam,Ray,araycr@pinterest.com,Male,1/27/2014
David,Edwards,dedwardscs@addthis.com,Male,1/11/2014
Christine,Gibson,cgibsonct@marriott.com,Female,2/19/2015
Gerald,Carpenter,gcarpentercu@msn.com,Male,5/3/2015
Eric,Henry,ehenrycv@google.de,Male,10/14/2014
Carolyn,Wright,cwrightcw@live.com,Female,5/4/2015
Kelly,Hall,khallcx@infoseek.co.jp,Female,5/3/2015
Jeremy,Harrison,jharrisoncy@addtoany.com,Male,3/26/2015
Anne,Little,alittlecz@webs.com,Female,11/26/2014
Johnny,Wheeler,jwheelerd0@themeforest.net,Male,11/9/2014
Craig,Holmes,cholmesd1@bloomberg.com,Male,9/13/2014
Donna,Lee,dleed2@amazonaws.com,Female,9/12/2014
Jane,George,jgeorged3@shinystat.com,Female,10/30/2014
Christopher,Berry,cberryd4@rambler.ru,Male,3/10/2015
Carolyn,Henry,chenryd5@ox.ac.uk,Female,10/27/2014
Ryan,Burke,rburked6@uiuc.edu,Male,6/18/2015
Beverly,Walker,bwalkerd7@cocolog-nifty.com,Female,12/10/2014
Jeremy,Cook,jcookd8@go.com,Male,4/6/2014
Benjamin,Larson,blarsond9@deliciousdays.com,Male,8/16/2014
Steve,Griffin,sgriffinda@tinyurl.com,Male,7/2/2015
Donna,Jackson,djacksondb@wikimedia.org,Female,5/25/2014
Linda,Harrison,lharrisondc@blogger.com,Female,6/2/2014
Emily,Kennedy,ekennedydd@opera.com,Female,3/19/2015
Cynthia,Burns,cburnsde@photobucket.com,Female,5/26/2015
Joseph,Pierce,jpiercedf@last.fm,Male,2/23/2014
Daniel,James,djamesdg@google.com.br,Male,11/29/2013
Mark,Armstrong,marmstrongdh@reddit.com,Male,10/21/2013
Rose,Hicks,rhicksdi@nature.com,Female,9/16/2014
Phillip,Reid,preiddj@hao123.com,Male,11/8/2014
Betty,Fox,bfoxdk@deliciousdays.com,Female,6/4/2014
Joe,Phillips,jphillipsdl@fc2.com,Male,1/2/2014
Debra,Ramirez,dramirezdm@businesswire.com,Female,8/27/2014
Carl,Phillips,cphillipsdn@multiply.com,Male,2/9/2015
Norma,Oliver,noliverdo@delicious.com,Female,2/24/2014
Randy,Chapman,rchapmandp@hibu.com,Male,5/7/2015
Lori,Cunningham,lcunninghamdq@constantcontact.com,Female,2/23/2014
Anne,Perez,aperezdr@aboutads.info,Female,8/5/2014
Gary,Nguyen,gnguyends@addthis.com,Male,5/6/2015
Scott,Lawrence,slawrencedt@upenn.edu,Male,12/12/2013
Andrew,Freeman,afreemandu@howstuffworks.com,Male,12/26/2013
Johnny,Cooper,jcooperdv@prlog.org,Male,12/21/2014
Jacqueline,Crawford,jcrawforddw@apache.org,Female,1/4/2014
Donald,Simmons,dsimmonsdx@facebook.com,Male,7/30/2014
Aaron,Marshall,amarshalldy@techcrunch.com,Male,1/31/2015
Brian,Graham,bgrahamdz@hibu.com,Male,2/5/2014
Robin,White,rwhitee0@springer.com,Female,6/25/2014
Matthew,Bennett,mbennette1@netvibes.com,Male,5/25/2015
Louis,Webb,lwebbe2@uol.com.br,Male,7/17/2014
Randy,Tucker,rtuckere3@washington.edu,Male,12/16/2013
Brian,Duncan,bduncane4@reddit.com,Male,6/6/2014
Carl,Bailey,cbaileye5@163.com,Male,12/6/2013
Denise,Morrison,dmorrisone6@yolasite.com,Female,12/19/2013
Nicole,Ramos,nramose7@deliciousdays.com,Female,1/25/2015
Randy,Simmons,rsimmonse8@wordpress.com,Male,11/11/2013
Lisa,Riley,lrileye9@last.fm,Female,8/6/2014
Kenneth,Johnston,kjohnstonea@phoca.cz,Male,8/25/2014
Stephanie,Young,syoungeb@tumblr.com,Female,7/21/2014
Alan,Parker,aparkerec@123-reg.co.uk,Male,4/18/2014
Craig,Perry,cperryed@topsy.com,Male,12/21/2014
Nicole,Roberts,nrobertsee@ovh.net,Female,11/5/2013
Chris,Cunningham,ccunninghamef@eventbrite.com,Male,11/10/2013
Brandon,Greene,bgreeneeg@yelp.com,Male,2/27/2015
Howard,Smith,hsmitheh@bloglovin.com,Male,2/4/2014
Douglas,Stewart,dstewartei@ow.ly,Male,1/19/2014
Ashley,Black,ablackej@loc.gov,Female,10/13/2014
Peter,Lewis,plewisek@simplemachines.org,Male,5/11/2014
Harold,Morrison,hmorrisonel@infoseek.co.jp,Male,8/31/2014
Martin,Nichols,mnicholsem@gnu.org,Male,5/1/2015
Bruce,Richards,brichardsen@dion.ne.jp,Male,1/5/2015
Frank,Clark,fclarkeo@sogou.com,Male,9/6/2014
Wayne,Rogers,wrogersep@ox.ac.uk,Male,2/7/2015
Kelly,Palmer,kpalmereq@toplist.cz,Female,6/27/2014
Cheryl,Reid,creider@wikispaces.com,Female,3/24/2014
Michael,Evans,mevanses@loc.gov,Male,1/12/2014
Donna,Fox,dfoxet@reverbnation.com,Female,11/17/2013
Carlos,Montgomery,cmontgomeryeu@symantec.com,Male,8/20/2014
Roger,Thomas,rthomasev@webmd.com,Male,4/29/2015
Anna,Stanley,astanleyew@cbslocal.com,Female,10/14/2013
Kathy,George,kgeorgeex@upenn.edu,Female,1/20/2014
Roy,Ferguson,rfergusoney@fotki.com,Male,8/21/2014
Benjamin,Brooks,bbrooksez@webeden.co.uk,Male,5/18/2014
Clarence,Peterson,cpetersonf0@list-manage.com,Male,10/23/2013
Melissa,Freeman,mfreemanf1@geocities.jp,Female,7/1/2015
Gloria,Porter,gporterf2@sfgate.com,Female,7/6/2015
Scott,Sims,ssimsf3@opensource.org,Male,9/20/2014
Patrick,Riley,prileyf4@youtu.be,Male,3/13/2015
Ronald,Bishop,rbishopf5@java.com,Male,12/5/2013
Eric,Wilson,ewilsonf6@feedburner.com,Male,2/27/2015
Arthur,Stanley,astanleyf7@exblog.jp,Male,3/6/2015
Donald,Little,dlittlef8@sohu.com,Male,11/2/2013
Gerald,Lewis,glewisf9@mlb.com,Male,8/27/2014
Antonio,Riley,arileyfa@prnewswire.com,Male,6/5/2015
Doris,Watson,dwatsonfb@qq.com,Female,6/2/2014
Judith,Elliott,jelliottfc@dailymail.co.uk,Female,7/8/2014
Jennifer,Jackson,jjacksonfd@twitter.com,Female,9/22/2014
Frank,Harris,fharrisfe@paypal.com,Male,2/7/2014
Victor,Gonzalez,vgonzalezff@ibm.com,Male,4/16/2015
John,Johnston,jjohnstonfg@xinhuanet.com,Male,11/17/2013
Kathleen,Black,kblackfh@answers.com,Female,5/30/2015
Brenda,Hernandez,bhernandezfi@wisc.edu,Female,6/12/2015
Wayne,Fowler,wfowlerfj@fda.gov,Male,4/4/2015
Anne,Ramos,aramosfk@princeton.edu,Female,11/30/2014
Ryan,Webb,rwebbfl@bloglines.com,Male,1/13/2015
Gloria,Rice,gricefm@ihg.com,Female,7/10/2014
Patrick,Mccoy,pmccoyfn@storify.com,Male,3/27/2014
Fred,Simmons,fsimmonsfo@newyorker.com,Male,2/28/2014
Richard,Bishop,rbishopfp@businesswire.com,Male,7/10/2014
Robin,Jenkins,rjenkinsfq@redcross.org,Female,11/24/2013
Louis,Gray,lgrayfr@angelfire.com,Male,4/10/2015
Steven,Frazier,sfrazierfs@samsung.com,Male,3/25/2014
Sara,Moore,smooreft@howstuffworks.com,Female,6/27/2014
Craig,Diaz,cdiazfu@chronoengine.com,Male,3/25/2014
Dennis,Morgan,dmorganfv@epa.gov,Male,5/6/2015
Craig,Watkins,cwatkinsfw@rediff.com,Male,10/1/2014
Marie,Bryant,mbryantfx@netvibes.com,Female,1/7/2014
Jennifer,Peters,jpetersfy@mozilla.com,Female,6/12/2015
Arthur,Hudson,ahudsonfz@a8.net,Male,7/3/2014
Daniel,Powell,dpowellg0@bigcartel.com,Male,9/15/2014
Christine,Moore,cmooreg1@geocities.jp,Female,2/18/2015
Wanda,Ortiz,wortizg2@mysql.com,Female,1/4/2014
James,Kelley,jkelleyg3@ftc.gov,Male,4/10/2015
Craig,Williamson,cwilliamsong4@bloglines.com,Male,6/19/2014
Alice,Brown,abrowng5@stumbleupon.com,Female,4/20/2014
Rachel,Fox,rfoxg6@opensource.org,Female,11/2/2014
Louise,Chapman,lchapmang7@xinhuanet.com,Female,11/22/2013
Brian,Mitchell,bmitchellg8@ask.com,Male,1/30/2014
Karen,Evans,kevansg9@psu.edu,Female,4/17/2015
Stephen,Holmes,sholmesga@freewebs.com,Male,5/18/2015
Peter,Harper,pharpergb@mediafire.com,Male,12/11/2013
Phillip,Powell,ppowellgc@house.gov,Male,4/18/2014
Jimmy,Fisher,jfishergd@furl.net,Male,2/26/2015
Teresa,Harrison,tharrisonge@economist.com,Female,8/4/2014
Frank,Hunter,fhuntergf@sourceforge.net,Male,11/10/2014
Melissa,Nelson,mnelsongg@shinystat.com,Female,8/9/2014
Elizabeth,Ruiz,eruizgh@businessweek.com,Female,4/7/2014
Ralph,Stanley,rstanleygi@topsy.com,Male,1/9/2014
Emily,Evans,eevansgj@ifeng.com,Female,3/14/2014
Martha,Boyd,mboydgk@squidoo.com,Female,12/22/2013
Carolyn,Washington,cwashingtongl@bigcartel.com,Female,8/3/2014
Anthony,Mills,amillsgm@archive.org,Male,12/1/2014
Joseph,Clark,jclarkgn@shop-pro.jp,Male,4/22/2015
Roy,Lewis,rlewisgo@twitpic.com,Male,7/4/2015
Pamela,Stewart,pstewartgp@craigslist.org,Female,5/10/2014
Gregory,Russell,grussellgq@behance.net,Male,2/14/2014
Annie,Crawford,acrawfordgr@nba.com,Female,8/18/2014
Andrea,Hicks,ahicksgs@google.ca,Female,6/14/2014
Michelle,Lewis,mlewisgt@biblegateway.com,Female,8/1/2014
Alice,Martin,amartingu@pbs.org,Female,5/7/2015
Jeremy,Chapman,jchapmangv@amazon.co.jp,Male,1/2/2014
Shawn,Elliott,selliottgw@indiegogo.com,Male,3/15/2014
Marilyn,Black,mblackgx@yolasite.com,Female,1/14/2014
Lawrence,Stephens,lstephensgy@harvard.edu,Male,4/20/2015
Kelly,Boyd,kboydgz@smh.com.au,Female,8/17/2014
Steve,Burke,sburkeh0@springer.com,Male,11/1/2013
Gregory,Cox,gcoxh1@vistaprint.com,Male,10/19/2013
Jonathan,Gilbert,jgilberth2@opera.com,Male,10/17/2014
Peter,Ford,pfordh3@soup.io,Male,12/31/2013
Jessica,Simpson,jsimpsonh4@eepurl.com,Female,6/13/2014
Gloria,Barnes,gbarnesh5@mysql.com,Female,11/8/2014
Ruby,Jones,rjonesh6@joomla.org,Female,2/15/2014
Scott,Grant,sgranth7@seesaa.net,Male,6/23/2015
Julia,Andrews,jandrewsh8@blogger.com,Female,5/19/2014
Nancy,Morrison,nmorrisonh9@reuters.com,Female,2/5/2015
Judy,Sanders,jsandersha@thetimes.co.uk,Female,3/22/2015
Sandra,Collins,scollinshb@icq.com,Female,5/6/2014
Gerald,Austin,gaustinhc@gizmodo.com,Male,11/14/2013
Paul,Evans,pevanshd@soup.io,Male,2/23/2014
Evelyn,Bradley,ebradleyhe@ovh.net,Female,4/5/2014
Betty,Palmer,bpalmerhf@bloglines.com,Female,3/18/2015
Andrew,Hicks,ahickshg@moonfruit.com,Male,7/3/2015
Shawn,Garza,sgarzahh@storify.com,Male,1/8/2015
Janice,Thompson,jthompsonhi@pcworld.com,Female,3/20/2014
Christine,Harvey,charveyhj@dagondesign.com,Female,3/21/2015
Terry,Harper,tharperhk@flickr.com,Male,6/8/2014
Deborah,Boyd,dboydhl@home.pl,Female,12/20/2014
Lois,Morales,lmoraleshm@columbia.edu,Female,4/10/2015
Larry,Taylor,ltaylorhn@about.me,Male,8/28/2014
Heather,Weaver,hweaverho@shop-pro.jp,Female,5/11/2014
Norma,Wallace,nwallacehp@smugmug.com,Female,11/9/2014
Christopher,Knight,cknighthq@mtv.com,Male,10/11/2014
Scott,Perez,sperezhr@bloglines.com,Male,3/28/2015
Cynthia,Morris,cmorrishs@bloglines.com,Female,7/5/2014
Deborah,Martin,dmartinht@tinypic.com,Female,4/5/2014
Thomas,Stewart,tstewarthu@independent.co.uk,Male,6/24/2014
Annie,Kelley,akelleyhv@1und1.de,Female,3/25/2015
Aaron,Snyder,asnyderhw@irs.gov,Male,5/13/2015
Nancy,Hunt,nhunthx@w3.org,Female,4/5/2014
Denise,Garza,dgarzahy@businessinsider.com,Female,9/8/2014
Alan,Simpson,asimpsonhz@github.com,Male,12/5/2013
Kevin,Patterson,kpattersoni0@goo.ne.jp,Male,4/15/2014
Janice,Webb,jwebbi1@sitemeter.com,Female,3/24/2015
Stephen,Johnston,sjohnstoni2@i2i.jp,Male,3/12/2014
Louise,Baker,lbakeri3@de.vu,Female,11/7/2013
Annie,Nichols,anicholsi4@fotki.com,Female,12/30/2014
Harry,Arnold,harnoldi5@hao123.com,Male,5/14/2014
Ryan,Rodriguez,rrodriguezi6@disqus.com,Male,6/20/2015
Sarah,Watson,swatsoni7@vkontakte.ru,Female,1/3/2014
Joe,Dunn,jdunni8@hubpages.com,Male,4/6/2015
Eugene,Morrison,emorrisoni9@businessinsider.com,Male,11/9/2013
Gloria,Mason,gmasonia@cdbaby.com,Female,9/15/2014
Denise,Martinez,dmartinezib@hud.gov,Female,1/22/2015
Anne,Lopez,alopezic@youtu.be,Female,12/8/2013
Samuel,Mccoy,smccoyid@technorati.com,Male,2/9/2015
Sean,Dean,sdeanie@themeforest.net,Male,3/11/2015
Carlos,Henry,chenryif@virginia.edu,Male,12/22/2014
Anne,Marshall,amarshallig@squidoo.com,Female,3/26/2015
Frances,White,fwhiteih@about.com,Female,5/30/2015
Patricia,Fowler,pfowlerii@uol.com.br,Female,3/12/2014
Ralph,Hudson,rhudsonij@tiny.cc,Male,8/31/2014
Jerry,Griffin,jgriffinik@blogs.com,Male,6/29/2015
Rachel,Snyder,rsnyderil@typepad.com,Female,10/31/2013
James,Edwards,jedwardsim@smh.com.au,Male,4/11/2014
Carlos,Baker,cbakerin@tinypic.com,Male,1/6/2015
Peter,Ramirez,pramirezio@unicef.org,Male,2/5/2014
Tina,Kelley,tkelleyip@yandex.ru,Female,10/31/2014
Sarah,Rice,sriceiq@wikispaces.com,Female,1/11/2015
Carolyn,Roberts,crobertsir@discuz.net,Female,5/21/2014
Walter,Lane,wlaneis@amazon.de,Male,3/11/2014
Eugene,Davis,edavisit@hao123.com,Male,12/8/2013
Gerald,Stevens,gstevensiu@tmall.com,Male,2/13/2014
Sharon,Rogers,srogersiv@loc.gov,Female,6/17/2014
Russell,Martinez,rmartineziw@joomla.org,Male,1/13/2014
Justin,Gonzales,jgonzalesix@w3.org,Male,7/19/2014
Clarence,Sullivan,csullivaniy@macromedia.com,Male,5/24/2015
Paula,Gilbert,pgilbertiz@mtv.com,Female,12/26/2013
Shirley,Turner,sturnerj0@cnbc.com,Female,10/23/2013
Walter,Morrison,wmorrisonj1@xing.com,Male,6/24/2014
Eugene,Butler,ebutlerj2@independent.co.uk,Male,4/24/2014
Janice,Hicks,jhicksj3@seesaa.net,Female,4/15/2015
Judy,Mendoza,jmendozaj4@spotify.com,Female,10/25/2014
Marie,Cook,mcookj5@discovery.com,Female,12/27/2013
Gary,Romero,gromeroj6@yellowbook.com,Male,6/19/2014
Matthew,Duncan,mduncanj7@youtube.com,Male,7/13/2014
Dorothy,Peterson,dpetersonj8@123-reg.co.uk,Female,9/5/2014
Robert,Butler,rbutlerj9@examiner.com,Male,6/18/2015
Harold,Turner,hturnerja@bluehost.com,Male,1/27/2015
Barbara,Barnes,bbarnesjb@163.com,Female,5/15/2015
Stephen,Hamilton,shamiltonjc@godaddy.com,Male,11/23/2013
Jose,Garza,jgarzajd@sciencedaily.com,Male,5/4/2015
Tina,Reed,treedje@barnesandnoble.com,Female,12/15/2014
Howard,Brooks,hbrooksjf@chronoengine.com,Male,6/7/2015
Anthony,Watkins,awatkinsjg@fema.gov,Male,3/13/2015
Margaret,Dixon,mdixonjh@mashable.com,Female,7/25/2014
Diane,Allen,dallenji@paypal.com,Female,3/4/2015
Susan,Jones,sjonesjj@pcworld.com,Female,11/20/2014
Richard,Fowler,rfowlerjk@ted.com,Male,1/19/2014
Kenneth,Hansen,khansenjl@va.gov,Male,2/19/2015
Wayne,Fuller,wfullerjm@state.tx.us,Male,1/20/2014
Anna,Wells,awellsjn@webeden.co.uk,Female,4/7/2015
Ronald,Harper,rharperjo@addthis.com,Male,7/27/2014
Michelle,Bailey,mbaileyjp@blogtalkradio.com,Female,4/14/2015
Joshua,Dunn,jdunnjq@pcworld.com,Male,2/5/2014
Jonathan,Green,jgreenjr@purevolume.com,Male,10/25/2014
Billy,Morales,bmoralesjs@boston.com,Male,1/14/2014
Victor,Lewis,vlewisjt@jiathis.com,Male,5/12/2015
Brandon,Bradley,bbradleyju@constantcontact.com,Male,11/2/2013
James,Ward,jwardjv@posterous.com,Male,4/20/2015
Howard,Mcdonald,hmcdonaldjw@nature.com,Male,5/27/2014
Kathryn,Berry,kberryjx@hatena.ne.jp,Female,8/12/2014
Thomas,Cooper,tcooperjy@nba.com,Male,1/27/2014
Todd,Hamilton,thamiltonjz@eepurl.com,Male,10/12/2013
Elizabeth,Willis,ewillisk0@miibeian.gov.cn,Female,11/10/2014
Ruth,Gonzales,rgonzalesk1@columbia.edu,Female,2/7/2015
Bonnie,Hayes,bhayesk2@europa.eu,Female,4/12/2015
Catherine,Stevens,cstevensk3@earthlink.net,Female,1/26/2015
Jeremy,Gonzales,jgonzalesk4@state.gov,Male,8/3/2014
Steve,Green,sgreenk5@apache.org,Male,10/26/2013
Diane,Wright,dwrightk6@nydailynews.com,Female,5/24/2014
Craig,Campbell,ccampbellk7@jugem.jp,Male,1/3/2015
Margaret,Schmidt,mschmidtk8@rakuten.co.jp,Female,10/20/2013
Earl,Stone,estonek9@indiegogo.com,Male,2/17/2014
Walter,Henry,whenryka@123-reg.co.uk,Male,1/26/2014
Shirley,Marshall,smarshallkb@tripod.com,Female,4/13/2014
Judith,Nelson,jnelsonkc@cbsnews.com,Female,6/16/2015
Carlos,Morrison,cmorrisonkd@blogs.com,Male,6/6/2014
Ryan,Johnson,rjohnsonke@berkeley.edu,Male,11/3/2013
Paula,Howell,phowellkf@jigsy.com,Female,12/26/2014
George,Kennedy,gkennedykg@time.com,Male,9/10/2014
Paula,Ellis,pelliskh@tamu.edu,Female,5/28/2014
Johnny,Hart,jhartki@zimbio.com,Male,12/8/2013
Theresa,King,tkingkj@comcast.net,Female,10/30/2014
Jean,Medina,jmedinakk@wix.com,Female,12/13/2014
Elizabeth,Watson,ewatsonkl@wikimedia.org,Female,11/7/2013
Kenneth,Hill,khillkm@bloglines.com,Male,10/24/2013
Joseph,Alvarez,jalvarezkn@themeforest.net,Male,4/19/2014
Richard,Bailey,rbaileyko@deliciousdays.com,Male,8/23/2014
Frances,Cole,fcolekp@homestead.com,Female,2/8/2015
Louise,Spencer,lspencerkq@ted.com,Female,6/5/2014
Jerry,Howell,jhowellkr@topsy.com,Male,8/4/2014
Jennifer,Cole,jcoleks@stumbleupon.com,Female,4/30/2014
Mary,Brooks,mbrookskt@ning.com,Female,10/6/2014
Samuel,Stephens,sstephensku@narod.ru,Male,11/26/2014
Gary,Mitchell,gmitchellkv@themeforest.net,Male,6/17/2014
Ann,Jones,ajoneskw@mozilla.org,Female,12/20/2013
Todd,Ferguson,tfergusonkx@mtv.com,Male,1/29/2014
Jack,Tucker,jtuckerky@hexun.com,Male,6/30/2014
Edward,Hudson,ehudsonkz@chron.com,Male,1/18/2014
Nicole,Mendoza,nmendozal0@sourceforge.net,Female,1/2/2015
Norma,Mccoy,nmccoyl1@mediafire.com,Female,12/17/2013
Anne,Lynch,alynchl2@reddit.com,Female,11/25/2013
Susan,Medina,smedinal3@ezinearticles.com,Female,11/28/2013
Jerry,Murray,jmurrayl4@printfriendly.com,Male,5/27/2014
James,Robinson,jrobinsonl5@businessweek.com,Male,10/21/2013
Stephanie,Crawford,scrawfordl6@quantcast.com,Female,7/31/2014
Albert,Meyer,ameyerl7@wikia.com,Male,11/15/2014
Ronald,Schmidt,rschmidtl8@uiuc.edu,Male,5/15/2014
Denise,Gutierrez,dgutierrezl9@opensource.org,Female,6/7/2014
Amy,Adams,aadamsla@indiatimes.com,Female,11/20/2013
Shirley,Simpson,ssimpsonlb@pinterest.com,Female,2/2/2015
Henry,Murphy,hmurphylc@wikipedia.org,Male,10/18/2014
Willie,Gonzalez,wgonzalezld@mac.com,Male,2/11/2015
Carolyn,Freeman,cfreemanle@hugedomains.com,Female,7/26/2014
Nicholas,Simpson,nsimpsonlf@census.gov,Male,5/2/2015
Harry,Mendoza,hmendozalg@google.it,Male,8/23/2014
Wanda,Reed,wreedlh@sakura.ne.jp,Female,1/18/2015
Victor,Cunningham,vcunninghamli@ihg.com,Male,12/16/2014
Kenneth,Sanchez,ksanchezlj@pinterest.com,Male,12/2/2014
Edward,Kennedy,ekennedylk@godaddy.com,Male,2/21/2015
Judith,Gutierrez,jgutierrezll@wikimedia.org,Female,12/23/2014
Lisa,Gordon,lgordonlm@furl.net,Female,9/4/2014
Russell,Chavez,rchavezln@phpbb.com,Male,11/25/2013
Benjamin,Davis,bdavislo@mlb.com,Male,7/6/2014
Richard,Evans,revanslp@vistaprint.com,Male,1/9/2014
Katherine,Sanchez,ksanchezlq@umich.edu,Female,6/8/2014
Ronald,Parker,rparkerlr@gravatar.com,Male,7/9/2014
Christopher,Black,cblackls@cnbc.com,Male,2/15/2014
Jennifer,Stone,jstonelt@techcrunch.com,Female,1/2/2014
Theresa,Chavez,tchavezlu@reddit.com,Female,7/5/2014
Wayne,Williams,wwilliamslv@flickr.com,Male,12/24/2013
Beverly,Boyd,bboydlw@shutterfly.com,Female,3/14/2015
Wayne,Ford,wfordlx@feedburner.com,Male,4/23/2015
Aaron,Wallace,awallacely@yale.edu,Male,5/7/2015
Andrew,Johnston,ajohnstonlz@bluehost.com,Male,7/17/2014
Fred,Schmidt,fschmidtm0@yellowpages.com,Male,6/12/2015
Russell,Kennedy,rkennedym1@dailymotion.com,Male,4/2/2015
Albert,Wood,awoodm2@purevolume.com,Male,1/26/2014
Lois,Perry,lperrym3@hp.com,Female,12/25/2013
Rose,Adams,radamsm4@disqus.com,Female,10/27/2013
Billy,Reynolds,breynoldsm5@tinyurl.com,Male,10/20/2014
Rebecca,Harris,rharrism6@addthis.com,Female,8/16/2014
Catherine,Henry,chenrym7@redcross.org,Female,4/6/2015
Martha,Stanley,mstanleym8@youku.com,Female,5/26/2015
Daniel,Kelley,dkelleym9@artisteer.com,Male,11/22/2013
Jane,Richardson,jrichardsonma@bing.com,Female,12/30/2014
Patrick,Flores,pfloresmb@noaa.gov,Male,10/16/2013
Stephanie,Patterson,spattersonmc@dot.gov,Female,5/27/2015
Joseph,Perry,jperrymd@hc360.com,Male,12/18/2014
Andrew,Gutierrez,agutierrezme@cnbc.com,Male,4/14/2015
Joan,Carroll,jcarrollmf@ehow.com,Female,9/29/2014
Ann,Harris,aharrismg@disqus.com,Female,7/6/2014
Clarence,Perez,cperezmh@wikimedia.org,Male,10/7/2014
Katherine,Day,kdaymi@networksolutions.com,Female,11/18/2014
Chris,Bennett,cbennettmj@mapy.cz,Male,10/18/2014
Sean,Perez,sperezmk@wisc.edu,Male,12/25/2013
Todd,White,twhiteml@myspace.com,Male,12/5/2014
Christine,Austin,caustinmm@smugmug.com,Female,5/11/2014
Judy,Knight,jknightmn@independent.co.uk,Female,11/12/2013
Linda,Crawford,lcrawfordmo@t.co,Female,4/15/2014
Karen,Bailey,kbaileymp@goodreads.com,Female,7/22/2014
Nicole,Willis,nwillismq@cocolog-nifty.com,Female,1/25/2015
Annie,Hayes,ahayesmr@example.com,Female,7/1/2014
Teresa,King,tkingms@businessinsider.com,Female,12/21/2013
Donald,Perry,dperrymt@cdbaby.com,Male,7/10/2014
John,Warren,jwarrenmu@dell.com,Male,11/14/2013
Tammy,Warren,twarrenmv@google.ca,Female,10/19/2013
Roger,Kelly,rkellymw@blinklist.com,Male,4/4/2015
Samuel,Griffin,sgriffinmx@rambler.ru,Male,1/24/2015
Irene,Andrews,iandrewsmy@spiegel.de,Female,1/25/2014
Jean,Burke,jburkemz@linkedin.com,Female,2/7/2014
Bruce,Duncan,bduncann0@blogs.com,Male,3/8/2014
Bruce,Payne,bpaynen1@businessinsider.com,Male,12/31/2013
Daniel,Frazier,dfraziern2@drupal.org,Male,12/21/2013
Jonathan,Mccoy,jmccoyn3@live.com,Male,10/27/2013
Julia,Thomas,jthomasn4@live.com,Female,1/19/2015
Joshua,Perry,jperryn5@amazonaws.com,Male,4/27/2015
Craig,Harrison,charrisonn6@blogspot.com,Male,12/25/2014
Jessica,Mcdonald,jmcdonaldn7@ihg.com,Female,3/3/2015
Brandon,Snyder,bsnydern8@netvibes.com,Male,4/14/2014
Frank,Harvey,fharveyn9@wp.com,Male,3/13/2014
William,Bowman,wbowmanna@va.gov,Male,10/16/2014
Robert,Price,rpricenb@lulu.com,Male,8/31/2014
Amy,Sanchez,asancheznc@gov.uk,Female,11/26/2013
Ralph,Moore,rmoorend@independent.co.uk,Male,11/17/2013
Sara,Dunn,sdunnne@google.co.jp,Female,5/15/2014
Jean,Little,jlittlenf@ftc.gov,Female,8/28/2014
Alice,Morris,amorrisng@fotki.com,Female,4/10/2014
Jeremy,Carr,jcarrnh@seattletimes.com,Male,2/20/2015
Jesse,Rose,jroseni@upenn.edu,Male,5/26/2015
Linda,Walker,lwalkernj@buzzfeed.com,Female,9/24/2014
Alan,Gray,agraynk@360.cn,Male,3/1/2014
Russell,Ramirez,rramireznl@webeden.co.uk,Male,5/1/2014
Jerry,Lawrence,jlawrencenm@springer.com,Male,11/16/2014
Bonnie,Hamilton,bhamiltonnn@wikimedia.org,Female,12/13/2013
Paula,Thompson,pthompsonno@sfgate.com,Female,12/28/2013
Juan,Harrison,jharrisonnp@cpanel.net,Male,5/29/2015
Kathleen,Medina,kmedinanq@wikipedia.org,Female,4/18/2014
Virginia,Porter,vporternr@unblog.fr,Female,7/29/2014
Shawn,Williamson,swilliamsonns@drupal.org,Male,5/23/2015
Lisa,Smith,lsmithnt@1und1.de,Female,12/19/2014
Cheryl,Sims,csimsnu@ocn.ne.jp,Female,3/10/2014
Gary,Clark,gclarknv@usgs.gov,Male,8/11/2014
Andrew,Carpenter,acarpenternw@technorati.com,Male,11/7/2014
Margaret,Wagner,mwagnernx@uiuc.edu,Female,5/7/2014
Carlos,Rogers,crogersny@webmd.com,Male,2/8/2014
Cynthia,Morales,cmoralesnz@tamu.edu,Female,10/16/2014
Gerald,Rice,griceo0@gnu.org,Male,9/14/2014
Stephen,Owens,sowenso1@slashdot.org,Male,3/21/2014
Kenneth,Walker,kwalkero2@huffingtonpost.com,Male,10/30/2013
William,Olson,wolsono3@army.mil,Male,1/1/2015
Lori,Hall,lhallo4@sina.com.cn,Female,5/13/2015
Maria,Collins,mcollinso5@goo.gl,Female,12/5/2013
Betty,Kim,bkimo6@tamu.edu,Female,11/17/2014
Steve,Jones,sjoneso7@tripod.com,Male,6/26/2015
Marie,Freeman,mfreemano8@time.com,Female,12/4/2013
Rachel,Gardner,rgardnero9@time.com,Female,4/9/2014
Russell,Rodriguez,rrodriguezoa@jigsy.com,Male,1/23/2014
Melissa,Henderson,mhendersonob@shutterfly.com,Female,1/26/2015
Paula,Cruz,pcruzoc@si.edu,Female,10/30/2013
Chris,James,cjamesod@freewebs.com,Male,8/26/2014
Mark,Garcia,mgarciaoe@prnewswire.com,Male,11/28/2014
Karen,Shaw,kshawof@cocolog-nifty.com,Female,4/19/2014
Donna,Arnold,darnoldog@pinterest.com,Female,5/18/2015
Ashley,Simpson,asimpsonoh@indiatimes.com,Female,8/31/2014
Cynthia,Gomez,cgomezoi@cmu.edu,Female,2/3/2015
Harold,Griffin,hgriffinoj@xing.com,Male,3/3/2015
Rebecca,Richards,rrichardsok@europa.eu,Female,11/15/2014
Sharon,Burke,sburkeol@altervista.org,Female,9/30/2014
Phillip,Carroll,pcarrollom@elpais.com,Male,4/26/2015
Richard,Shaw,rshawon@ibm.com,Male,1/21/2014
Margaret,Bowman,mbowmanoo@hubpages.com,Female,10/10/2013
Rose,Larson,rlarsonop@soundcloud.com,Female,10/25/2013
Albert,Pierce,apierceoq@bloglovin.com,Male,6/6/2015
Raymond,West,rwestor@t-online.de,Male,1/17/2015
Randy,Reynolds,rreynoldsos@gnu.org,Male,8/7/2014
Thomas,Hart,thartot@plala.or.jp,Male,6/8/2015
Alice,Wallace,awallaceou@dailymail.co.uk,Female,4/12/2014
Patrick,Daniels,pdanielsov@bloglines.com,Male,5/6/2015
Michael,Clark,mclarkow@wp.com,Male,1/30/2015
Elizabeth,Gonzalez,egonzalezox@google.co.uk,Female,7/25/2014
Jesse,Murray,jmurrayoy@gnu.org,Male,11/23/2014
Fred,Martin,fmartinoz@blinklist.com,Male,1/4/2015
Bonnie,Bishop,bbishopp0@baidu.com,Female,1/13/2015
Philip,Shaw,pshawp1@arstechnica.com,Male,12/22/2013
Benjamin,Torres,btorresp2@redcross.org,Male,3/20/2014
Gregory,Ellis,gellisp3@bloglovin.com,Male,1/19/2014
Debra,Johnston,djohnstonp4@fc2.com,Female,11/17/2014
Lisa,Ryan,lryanp5@mlb.com,Female,4/27/2015
Thomas,Austin,taustinp6@chicagotribune.com,Male,7/22/2014
Stephanie,Schmidt,sschmidtp7@pagesperso-orange.fr,Female,2/17/2015
Roger,Ellis,rellisp8@ebay.co.uk,Male,5/21/2014
Sarah,West,swestp9@xing.com,Female,7/26/2014
Shawn,Holmes,sholmespa@liveinternet.ru,Male,6/30/2014
Randy,Reynolds,rreynoldspb@ihg.com,Male,2/3/2015
Jonathan,Burton,jburtonpc@rediff.com,Male,2/20/2015
Russell,Ramos,rramospd@bbb.org,Male,12/19/2013
Shawn,Kennedy,skennedype@artisteer.com,Male,6/20/2015
Todd,Mcdonald,tmcdonaldpf@bluehost.com,Male,11/11/2014
Christine,Torres,ctorrespg@springer.com,Female,5/12/2014
Phillip,Howard,phowardph@virginia.edu,Male,5/5/2015
Ruby,Bell,rbellpi@cargocollective.com,Female,7/13/2014
Louise,Stevens,lstevenspj@census.gov,Female,6/13/2015
John,Gilbert,jgilbertpk@imageshack.us,Male,5/8/2014
Pamela,Pierce,ppiercepl@cargocollective.com,Female,6/27/2014
Phyllis,Stone,pstonepm@google.it,Female,4/22/2014
Bruce,Coleman,bcolemanpn@4shared.com,Male,7/16/2014
Mary,Berry,mberrypo@icq.com,Female,3/17/2014
Arthur,Shaw,ashawpp@accuweather.com,Male,3/24/2015
Ruth,Gardner,rgardnerpq@pen.io,Female,12/5/2014
Gerald,Harrison,gharrisonpr@reuters.com,Male,4/3/2014
Jose,Webb,jwebbps@nydailynews.com,Male,2/28/2014
Fred,Lane,flanept@live.com,Male,1/19/2015
Debra,Riley,drileypu@state.gov,Female,6/26/2014
Charles,Peterson,cpetersonpv@irs.gov,Male,10/22/2013
Andrea,Welch,awelchpw@blinklist.com,Female,10/24/2014
Donald,Kelly,dkellypx@gnu.org,Male,3/19/2015
Craig,Bailey,cbaileypy@yolasite.com,Male,7/7/2014
Barbara,Little,blittlepz@google.co.jp,Female,10/11/2013
Martha,Lynch,mlynchq0@bloglovin.com,Female,6/28/2015
Deborah,Gray,dgrayq1@myspace.com,Female,12/3/2014
William,Evans,wevansq2@mayoclinic.com,Male,10/23/2013
Amanda,Gutierrez,agutierrezq3@yahoo.com,Female,6/12/2015
Anthony,Montgomery,amontgomeryq4@quantcast.com,Male,8/16/2014
Susan,Jordan,sjordanq5@sciencedaily.com,Female,6/4/2014
Phillip,Mendoza,pmendozaq6@howstuffworks.com,Male,7/17/2014
Joan,Lynch,jlynchq7@usatoday.com,Female,1/15/2014
Beverly,Arnold,barnoldq8@is.gd,Female,4/16/2014
Cynthia,Nguyen,cnguyenq9@booking.com,Female,12/10/2013
Shirley,Marshall,smarshallqa@illinois.edu,Female,5/4/2014
Christine,Daniels,cdanielsqb@goodreads.com,Female,4/5/2014
Brian,Mills,bmillsqc@spotify.com,Male,12/4/2014
Kathy,Foster,kfosterqd@salon.com,Female,12/7/2013
Philip,Shaw,pshawqe@newyorker.com,Male,3/14/2015
Deborah,Ferguson,dfergusonqf@usgs.gov,Female,3/29/2015
Rebecca,Larson,rlarsonqg@nifty.com,Female,3/6/2015
Pamela,Medina,pmedinaqh@imdb.com,Female,5/1/2014
Jeffrey,Patterson,jpattersonqi@multiply.com,Male,1/1/2015
Edward,Flores,efloresqj@arstechnica.com,Male,11/15/2014
Tina,Alvarez,talvarezqk@statcounter.com,Female,4/15/2015
Anne,Brown,abrownql@typepad.com,Female,5/2/2015
Margaret,Sullivan,msullivanqm@ed.gov,Female,7/18/2014
Melissa,Powell,mpowellqn@shop-pro.jp,Female,5/26/2015
Jeremy,Matthews,jmatthewsqo@163.com,Male,2/7/2015
Maria,Perkins,mperkinsqp@shop-pro.jp,Female,6/12/2014
Christopher,Schmidt,cschmidtqq@webmd.com,Male,1/11/2015
Sandra,Boyd,sboydqr@china.com.cn,Female,11/21/2013
Tina,Reynolds,treynoldsqs@who.int,Female,6/3/2014
Irene,Greene,igreeneqt@techcrunch.com,Female,11/27/2014
David,Lawrence,dlawrencequ@aboutads.info,Male,3/16/2015
Eugene,Wells,ewellsqv@google.nl,Male,7/2/2014
Henry,Payne,hpayneqw@si.edu,Male,3/23/2015
Larry,Watson,lwatsonqx@whitehouse.gov,Male,10/19/2014
Larry,West,lwestqy@sohu.com,Male,2/18/2015
Amy,Welch,awelchqz@goodreads.com,Female,3/25/2014
Henry,Gonzalez,hgonzalezr0@home.pl,Male,6/24/2015
Dennis,Shaw,dshawr1@yellowpages.com,Male,10/24/2013
Joyce,Bryant,jbryantr2@ezinearticles.com,Female,5/16/2014
Craig,Morris,cmorrisr3@si.edu,Male,12/28/2013
Patrick,Nguyen,pnguyenr4@imageshack.us,Male,9/9/2014
Steve,Fisher,sfisherr5@godaddy.com,Male,11/24/2014
Lillian,Lopez,llopezr6@prweb.com,Female,3/16/2014
Gloria,Harper,gharperr7@skyrock.com,Female,5/2/2015
Kimberly,Graham,kgrahamr8@i2i.jp,Female,6/6/2014
Christina,Thomas,cthomasr9@pen.io,Female,6/24/2014
Beverly,Morris,bmorrisra@hud.gov,Female,8/2/2014
Fred,Lynch,flynchrb@icq.com,Male,11/4/2013
Nancy,Hanson,nhansonrc@ucoz.ru,Female,11/19/2013
Paula,Hawkins,phawkinsrd@sfgate.com,Female,5/12/2015
Amy,Murray,amurrayre@prnewswire.com,Female,1/20/2014
George,Jackson,gjacksonrf@odnoklassniki.ru,Male,1/8/2014
Nicole,Palmer,npalmerrg@simplemachines.org,Female,2/17/2014
Maria,Wheeler,mwheelerrh@sitemeter.com,Female,4/20/2015
Judith,Thompson,jthompsonri@vistaprint.com,Female,3/20/2015
Christopher,Reynolds,creynoldsrj@auda.org.au,Male,8/22/2014
Victor,Foster,vfosterrk@alibaba.com,Male,7/13/2014
Ashley,Mcdonald,amcdonaldrl@apache.org,Female,4/11/2015
Paula,Sims,psimsrm@constantcontact.com,Female,9/22/2014
Martin,Morris,mmorrisrn@twitter.com,Male,10/17/2013
Phyllis,Spencer,pspencerro@geocities.com,Female,9/10/2014
Phillip,Reed,preedrp@cpanel.net,Male,11/30/2014
Carolyn,Phillips,cphillipsrq@freewebs.com,Female,5/16/2015
Howard,Greene,hgreenerr@google.co.jp,Male,3/12/2015